strategy,simul_student_usd,survey_usd,total_usd
Calibrated,102.693212,5.664243,108.357455
Task-Constrained,154.806699,5.650531,160.45723
Role-Anchored,103.019583,5.610436,108.630019
