Metric,Llama_HS,Llama_UG,Llama_GR,GPT_HS,GPT_UG,GPT_GR,Mistral_HS,Mistral_UG,Mistral_GR
Q1: Accomplishment,0.0,1.0,1.0,0.0,1.0,1.0,0.0,1.0,1.0
Q2: Effort,-2.0,-1.0,-2.0,-2.0,-1.0,-2.0,-2.0,-1.0,-2.0
Q3: Mental Demand,0.0,-1.0,-1.0,0.0,-1.0,-1.0,0.0,-1.0,-1.0
Q4: Controllability,-1.0,1.0,0.0,-1.0,1.0,0.0,-1.0,1.0,0.0
Q5: Temporal Demand,-1.0,-2.0,-3.0,-1.0,-2.0,-3.0,-1.0,-2.0,-3.0
Q6: Satisfaction / Trust,1.0,2.0,1.0,1.0,2.0,1.0,1.0,1.5,1.0
Mean |Δ| across Qs,0.8333333333333334,1.3333333333333333,1.3333333333333333,0.8333333333333334,1.3333333333333333,1.3333333333333333,0.8333333333333334,1.25,1.3333333333333333
