model,survey_usd,total_usd
gpt-5-2025-08-07,5.626022,5.626022
llama-3-8b,0.0518,0.0518
mistral-24b-instruct,0.060216,0.060216
